{"cameraMode":{"drawMode":0,"name":"Shaded","section":"Shading Mode"},"sceneLighting":false,"audioPlay":false,"sceneViewState":{"showFog":true,"showMaterialUpdate":false,"showSkybox":false,"showFlares":true,"showImageEffects":true,"showParticleSystems":true,"showVisualEffectGraphs":true,"m_FxEnabled":true},"in2DMode":false,"pivot":{"x":0.32491201162338259,"y":0.21885737776756288,"z":0.4154229164123535},"rotation":{"x":-0.14677338302135468,"y":-0.008311115205287934,"z":0.0012293845647946,"w":-0.9891411066055298},"size":0.7141428589820862,"orthographic":false}